No,日付,時刻,ツイート
1,2014/08/01,14:48,数十人のロシア兵に囲まれた高田健志は「こういう最期も悪くない」と呟き、一杯のウォッカを口に含んだ
2,2014/08/01,15:11,高田健志が指揮を執ると、それまで不調だったオーケストラがたちまち七色の音色を奏で出し、舞台上に虹がかかった
3,2014/08/01,15:24,猟師歴40年のA氏は森でキノコを食らう高田健志の目を見て「ありゃバケモンだ」と銃を下ろした
4,2014/08/01,15:55,周りの芸人たちが我先にと和田アキ子に挨拶をする中、高田健志は楽屋の隅で黙々とソーシャルゲームをしていた
5,2014/08/01,16:08,全国の小学生1000人に将来の夢についてのアンケートを取った所、約80％が「高田健志」と回答した
6,2014/08/01,21:21,神は自らの姿に似せて高田健志を作り、余った粘土でアダムとイヴを作った
7,2014/08/01,23:38,初代内閣総理大臣「伊藤博文」、第二代内閣総理大臣「黒田清隆」、第三代内閣総理大臣「高田健志」
8,2014/08/02,7:07,桃から生まれた高田健志は鬼を退治することよりも、きび団子で一儲けすることを考えた
9,2014/08/02,8:03,あまり知られていないがダウンタウンは結成当初、浜田雅功、松本人志、高田健志の3人組だった
10,2014/08/02,12:38,高田健志の体の60％は水分でできている。宗教学的には神だが、生物学的にはヒト科に属する。
11,2014/08/02,17:56,その昔、一国の王子だった高田健志は欲望ひしめく王位継承争いに嫌気が差し、あえて土や草を食べる生活を選んだ
12,2014/08/02,21:02,大災害を予知した高田健志は国に危険が迫っていることを伝えようと奔走したが、愚かな民衆たちは彼を狼少年呼ばわりし、十字架に磔にした
13,2014/08/02,23:02,高田健志は不老不死の肉体を保つために年に一度脱皮する。その抜け殻を見た者は子宝に恵まれるという。
14,2014/08/03,7:20,難病の子どもにホームランを打つ約束をした高田健志は、その日の試合全打席デッドボールで出塁した
15,2014/08/03,12:21,バラエティ番組で高田健志と共演した司会者は皆、「高田君がひな壇にいると安心する」と彼のトークスキルを絶賛した
16,2014/08/03,17:52,幕末にタイムスリップした脳外科医・高田健志は自身の体に生えていた青カビを培養し、ペニシリンを精製した
17,2014/08/03,20:16,面倒見の良い高田健志は、収録終わりに後輩芸人たちをマンホール下の自宅に招き入れては、ネズミ料理を振る舞う
18,2014/08/03,22:23,豊臣秀吉は懐で温めた草履を織田信長に差し出した。一方、デキる男・高田健志は温めた草履にサイン入り色紙まで付けた。
19,2014/08/03,23:42,"「健志…いるか…？」「いるで」
「健志…いるか…？」「いるで」
「最後に…名前を呼んでくれないか…？」
「ほんまごめん…メルエム…」(H×H 318話より)"
20,2014/08/04,7:54,ハリウッドは一度「高田健志」の映画化を試みたが、高田役のトム・クルーズの関西弁が下手くそだったため、お蔵入りとなった
21,2014/08/04,12:28,高田健志の胃袋は長年のサバイバル生活によって進化を遂げた。その胃酸はダイヤモンドをも溶かす。
22,2014/08/04,16:11,太陽に近づきすぎたイカロスは翼を焼かれ海に落ちてしまったが、日焼け止めクリームを忘れなかった高田健志はその横を悠々と飛び去った
23,2014/08/04,20:07,高田健志の最終学歴が幼稚園なのは、産声を上げると同時にこの世の全てを理解してしまったため、これ以上学ぶことがないからである
24,2014/08/04,22:55,新種の生物と間違えられ動物園に捕えられた高田健志は、その巧みな話術を以て檻の中から逆に飼育員を飼いならした
25,2014/08/05,0:28,眠れない夜は「高田健志が1匹…高田健志が2匹…」と数えてみる。すると100匹目辺りで「すべるんやー」とお茶目な健志が現れ、目が覚める。
26,2014/08/05,12:02,経営不振に陥っていた老舗和菓子屋の店主は、全ての商品名に「高田健志が絶賛した」を付けてみた。たちまち店は以前の活気を取り戻し、多くの報道陣が連日取材に訪れた。
27,2014/08/05,15:12,高田健志は夜になると発光する。電気のない時代、灯油を買うお金がないほど貧しかった少年は高田健志を明かり代わりに勉強を続け、後に政府高官となった。
28,2014/08/05,18:15,情報を何一つつかめないCIAをあざ笑うかのように高田健志は顔出し配信で口座番号を公開し、国家転覆に向けて資金を募った。
29,2014/08/05,20:21,ゲームセンターを初めて訪れた高田健志は、殴られるためだけに存在するパンチングマシーンという機械に、暴力で奪い取る人間の愚かな本性を垣間見た気がして涙した。
30,2014/08/05,23:09,高田健志に出会った獰猛なグリズリーは一目見て実力の差を悟り、死んだふりをした
31,2014/08/06,7:15,3分クッキングに出演した高田健志は開始1分で満漢全席をこしらえ、残った2分は鳥と共に愛を歌い、花を愛でた
32,2014/08/06,12:48,高田健志は宇宙そのものだ。地球は彼の胃袋の中に在り、我々はただ消化されるのをじっと待つ肉の塊でしかない。我々はその全体像を把握できないまま、緩慢な死を迎えるのだ。
33,2014/08/06,15:58,金魚すくいの屋台で「一匹すくえた、二匹すくえた」と一喜一憂する子どもたちの横で高田健志は、プールに定置網をしかけ一網打尽にした
34,2014/08/06,21:51,当時小学生だった高田健志は少しでも多くの人を救おうと熱心に赤い羽根募金を続けた。最初は1枚だった赤い羽根が10枚、20枚と増え、二十歳を迎えた頃それは大きな翼となり、彼は大空を舞っていた。
35,2014/08/06,23:58,ふらりと立ち寄った定食屋で口にした味噌汁の素朴な温かさから、人間の心を取り戻した人斬り・高田健志は、血に染まった刀を包丁に持ち替え、料理人となった。
36,2014/08/07,7:28,高田健志はＴシャツに短パン、虫取り網という軽装で極寒のエベレストに登頂し世界中を驚かせたが、当の本人は目当てのカブトムシが採れず満足していない様子だった
37,2014/08/07,12:03,高田健志の個体数減少を受けて日本政府は彼を絶滅危惧種に指定するなどして保護を試みてはいるも、依然として密猟者による乱獲が後を絶たないという。我々が日頃目にしている高田健志は日本最後の個体かもしれない。
38,2014/08/07,16:31,高田健志の背には生まれつき大きな十字架型のアザがある。はたから見るとまるで入れ墨なので、彼の入浴を禁じる温泉旅館は数多い。
39,2014/08/07,20:28,「この橋渡るべからず」の立て看板を見た高田健志は、すぐさま優秀な建築スタッフを雇って隣に新しい橋を作り、一休を感服させた
40,2014/08/07,22:09,産卵の時期を迎えた高田健志は、それまで生活していた海から生まれ古郷の川へ戻るために、クロールで滝を登る
41,2014/08/08,0:06,パリコレに甲冑姿で現れた高田健志は舞台上で自らの腹を切り、フランス人たちに武士のこころを説いた
42,2014/08/08,7:17,ウォータースライダーに乗ったまま行方不明になっていた高田健志が、ある日の午後、流れるプールの上流からイカダに乗って帰ってきた
43,2014/08/08,13:09,絶対的な審美眼を持つ美術鑑定士はミロのヴィーナスと高田健志が作った牛乳パック製の貯金箱を見比べた後、ハンマーでヴィーナスを砕いた
44,2014/08/08,15:31,高田健志は食事をする際、三度感謝する。例えば一杯のカツ丼を食べるとき。彼はまずその身を捧げた豚に感謝する。次にそれを調理した人間に。最後に高田健志という生命を生み出したこの地球に感謝する。
45,2014/08/08,18:14,優秀だと思われることを嫌った高田健志はその日のテストを全て空欄で提出した。しかし、名前欄に書かれた「高田健志」という文字の美しさに教師陣は軒並み100点をつけ、彼は学年トップの成績を叩き出した。
46,2014/08/08,21:55,無人島に漂着した高田健志は飲み水の確保より先に、まず「ろくろ」を回して湯呑みを作った
47,2014/08/09,0:22,マフィアのボスだった高田健志は荒れていた。酒を飲んでは女を抱き、組織のためなら親でさえ殺した。お花に水をあげている時だけ彼はかろうじて人間だった。
48,2014/08/09,12:37,誕生日に欲しいものを聞かれた5歳の高田健志は、おもむろに世界地図を取り出し、アメリカ大陸を大きな円で囲った
49,2014/08/09,15:41,火を起こそうと試行錯誤する原始人たちを眺めながら高田健志は、IHクッキングヒーターを使って安全にマンモスの肉を焼いた
50,2014/08/09,18:56,二等兵だった高田健志は命を落としては復活を繰り返し、殉職による二階級特進だけで元帥の地位にまで上り詰めた
51,2014/08/09,22:01,いいとものテレフォンショッキングはタモリが高田健志に会うために始めたコーナーである。最終回ゲストはもちろん彼の予定だったが、当日パニックを起こしてしまい、急きょ彼の弟子であるビートたけしが代役を買って出た。
52,2014/08/09,23:32,生来、争いを好まなかった高田健志は、軍から支給されたサバイバルナイフを袋とじを裂くことだけに使い続けた
53,2014/08/10,7:03,同年代の子どもたちが魚釣りや泳ぎに夢中だった頃、高田健志は川底に沈殿した砂利をふるいにかけ、砂金を取り出すことに必死だった
54,2014/08/10,12:02,台風上陸の一報を受けた高田健志はあえて田んぼの様子を見に行くことで自分の運を試した
55,2014/08/10,13:32,穢れた人間の心を奇跡の力で浄化する高田健志は言わば水洗便所だ。それも温かい便座が完備された最新鋭のもので、そのウォシュレットは名うてのスナイパーのような正確さを誇り、狙った獲物を逃さない。
56,2014/08/10,17:05,「老人が元気になる献立を考えてほしい」との要望を受け、管理栄養士・高田健志は白菜、レタス、キャベツにほうれん草、小松菜、ハーブ、そして大麻をふんだんに使った栄養たっぷりの七草粥を考案した
57,2014/08/10,20:47,半沢直樹に出演し、有名になる前の高田健志は、水道代を節約するために泥水で米を炊いていた
58,2014/08/10,22:12,アカデミー主演男優賞を受賞した高田健志はつたない英語で「私の本職は芸人なのでこれで得た知名度を生かしてR1で優勝できたらなと思っています」とあくまで俳優業は趣味であることをアピールした
59,2014/08/11,1:37,オリンピック選手が勝ち取った金メダルの如き輝きを放つスーパームーンも、高田健志が横に並ぶと貧相な梅干しにしか見えなかった
60,2014/08/11,11:37,散歩中に尿意を催した高田健志はトイレを借りるためだけにホワイトハウスを訪問し、ついでに携帯の充電もした
61,2014/08/11,15:22,仕事終わり、一風呂浴びにやってきた高田健志は釜茹でされている石川五右衛門の隣に浸かり、「ぬるい」と一言口にした
62,2014/08/11,18:19,うさぎが居眠りしている間に着実に歩を進め、今まさにゴールしようとしていた亀を高田健志は無慈悲にもバイクで追い抜かした
63,2014/08/11,21:35,収録中、睡魔に襲われた高田健志はその高いプロ意識から自らの腕を切り落として正気を保った
64,2014/08/11,23:20,中東の武器商人だった高田健志は争い合う国々に壊れた銃を売ることで戦争を終わらせた
65,2014/08/12,1:57,輸血用の血液が不足していることを知った高田健志は週6ペースで献血センターに通い続けた。雨の日も風の日も通い続け、時にはセンターをハシゴした。血液のほとんどを失い青白い顔になった頃、彼はもらったあんパンで駅前にパン屋を開いていた。
66,2014/08/12,12:13,禁断の果実を口にしたアダムとイヴと高田健志は裸を恥じらうようになり、アダムとイヴはイチジクの葉で、高田健志はデニム生地で、それぞれ局部を隠すようになった
67,2014/08/12,16:15,優先座席に座っていた若者たちを鼻息で追い払った高田健志は、感謝の言葉を口にする老夫婦と一緒にこっそりその席についた
68,2014/08/12,19:50,素材にこだわる高田健志はハンバーグを作るにあたって、まず牛を育てるのに適した牧草地を探した
69,2014/08/12,22:34,白熱電球と聞くとまずトーマス・エジソンを思い浮かべがちだが、電球に必要な竹を24時間不眠不休で切り続けた高田健志という男の功労も忘れてはならない
70,2014/08/13,1:06,どこから切っても同じ顔になる金太郎飴のように、どの角度からシャッターを切っても同じ宣材写真になる高田健志という芸能人が存在するらしい
71,2014/08/13,12:17,あまり知られていないが全国の電力は高田健志が自転車を漕ぐことによって賄われている。彼が流行り風邪にでもかかると、たちまち日本の都市機能は壊滅する。
72,2014/08/13,16:01,周りの料理人たちが見た目にも豪華なフルコースを用意する中、高田健志は握り寿司一貫で王の舌を満足させた
73,2014/08/13,20:02,聖徳太子は10人の話を同時に聞くことができたとされているが、実際は間にいた高田健志がその場で彼らの話を要約し、的確に太子に伝えていただけであって、太子自身には何の力もなかった
74,2014/08/13,22:28,海辺でいじめられている亀を見かけた高田健志は浦島太郎のように直接手を差し伸べたりはせず、その手に拳銃を握らせ、生き残りたければ自分の力で切り抜けるように焚き付けた
75,2014/08/14,1:08,悟りの境地に達した高田健志は数年間一切の食事を断ち、カプセルホテルの中で即身仏となった
76,2014/08/14,12:17,どんな端役でも全力で演じる高田健志は、わずか5秒しか映らない死体G役においても心臓を30分間止め続ける熱演を見せ、撮影中に救急搬送された
77,2014/08/14,17:17,雪の日に１人、マッチを売り歩く少女を見てこの国の異常さに気づいた高田健志は、少女から買い取ったマッチで貴族の家に火を放ち、王政を打倒すべく開戦の狼煙を上げた
78,2014/08/14,20:28,地上が悪に満ち、人を造ったことを後悔した神は大洪水を起こして人類を滅ぼした。唯一、箱舟への乗船を許可され生き残った高田健志は、誰もいなくなった地球で神と二人、気まずい空気の中、磯釣りをして過ごした。
79,2014/08/14,23:38,アイルランドに住む老婆の話によると、あるハロウィンの夜、自宅に押し寄せた子どもたちは皆、口々に「トリックオアトリート！」とお菓子を欲しがったというのに、高田健志という少年だけは妙に大人びていてブレスケアを欲しがったという
80,2014/08/15,1:32,裁縫技術に長けていた高田健志は縫い針一本で腹を空かせたワニに立ち向かった。彼が針を行ったり来たりさせると、体長5メートルはあろうワニの体が見る見るうちに縮んで行き、やがて一点のクロコダイル財布に仕立て上げられ、翌日店頭に並んだ。
81,2014/08/15,12:18,当時、駆け出し芸人だった高田健志は一年間サバンナで暮らす体当たり企画に挑戦した。翌年、撮影スタッフが彼の元を訪れると、ハイエナの群れの中で何とかして人間性を保とうと、箸を使い、死肉をつまむ、半野生化した彼の姿があった。
82,2014/08/15,17:02,高田健志の耳から石油が湧き出すことに気づいた耳かき屋はこれを売って一山当てようと考えた。最初は儲けた金で生活費を賄う程度だったが、採掘量が増えると、派手な暮らしをするようになった。ある日、不動産契約を済ませた耳かき屋が大喜びで帰宅すると、石油はただの水になっていた。
83,2014/08/15,20:49,"皆さんは戦場に笑いを届けた１人のコメディアンを御存じだろうか？
「高田健志」
彼はジャグリング芸を披露している最中、凶弾に倒れた。
教科書にも載っていない小さな出来事だが、沖縄には彼を祀る祠が存在する。
8月15日、終戦の日。
誰よりも人の笑顔を願った男のことを思い出してほしい。"
84,2014/08/15,23:08,"私がタンスを整理していると、奥から一枚のサイン色紙が出てきた。
ふいに後ろにいた弟が「高田健志のサインだ！」と声を上げた。
それを聞いた父が「懐かしいな」とこぼした。
「全然老けないよねー」と姉が続き、「若い頃好きだったわ」と母も続いた。
高田健志で家族の間に会話が生まれた。"
85,2014/08/16,1:00,周りに自分より優れた人間が存在しなかった高田健志はやむを得ず自らの爪の垢を煎じて飲んだ
86,2014/08/16,12:11,二年前に角界を引退した平成の大横綱・高田健志は今まさにランニングを終えた汗だらけの体で両国国技館を訪れ、感傷に浸りながら土俵にこびり付いた塩で不足していた塩分を補った
87,2014/08/16,17:11,ある時、悪趣味なローマの貴族は高田健志と高田健志に殺し合いをさせてみようと思いついた。すぐさま貴族は奴隷商から二体の高田健志を買い取り、一方に剣を、もう一方に槍を与えた。しかし、高田健志たちは愛について語り合うばかりで全く争おうとはせず、怒った貴族は即日クーリングオフした。
88,2014/08/16,20:24,戦場で高田健志に救われた者の一人は歴史上から抹消された彼の名を刻むために油性マジック片手に慰霊碑へ向かった
89,2014/08/16,22:16,高田健志の右払いに並々ならぬ才能を感じた書道家は彼を弟子に迎えた。書道家の教育はスパルタ極まりないもので、少しでも美しくない右払いをしようならば文鎮で何度も頭部を殴打した。書道家が文鎮を振り上げなくなった頃、彼の右払いは頸動脈をたやすく切断できる切れ味にまで磨き上げられていた。
90,2014/08/17,1:29,ある村でダム建設の案が上がった。村人たちはこれに反発し、高田健志を筆頭に反対派のグループを結成した。最初こそ大所帯だった高田一派だが補償金の額が上がるにつれ、一人、また一人と村を去って行った。そして完工日を迎え、最後まで立ち退かなかった高田健志は念仏を唱えながらダムの底に沈んだ。
91,2014/08/17,10:18,生後三ヶ月にして早くも反抗期を迎えた高田健志は地元の不良ベイビーたちを引き連れ、特殊な改造を施した違法乳母車にラジカセを積み、大音量で国歌を流しながら高速道路を爆走していた
92,2014/08/17,12:30,会場のボディビルダーたちは除夜の鐘をBGMに現れた高田健志の108つに割れた見事な腹筋に「煩悩を筋肉を以て制す」というボディビルの枠組みを越えた一種の悟りを感じ取り、自分たちはただの筋肉自慢でしかないことを思い知らされ、ダブルバイセプスのポーズを取ったままプロテインの涙を流した。
93,2014/08/17,17:33,高田健志の辞書には「勝利」という文字しか存在しない。どのページを開いても一様に「勝利」の解説であるため、辞書としては丸っきり役に立たない。
94,2014/08/17,23:01,穴だらけの相対性理論をさも得意げに語っていたアインシュタインは高田健志が言い放った「それとそれ逆やん」の一言で破綻に気づき、舌を出したまま気絶した
95,2014/08/18,11:55,信じていた友に裏切られた高田健志は両の眼を潰して暗闇の世界で生きることを選んだ
96,2014/08/18,20:19,美術の時間、赤色の絵の具が足りなくなった高田健志は手元にあった彫刻刀で動脈を裂いた
97,2014/08/18,22:53,月から帰還したアポロ11号の船長ニール・アームストロングは月面に「Kenshi Takada」の文字を発見したことを伝え、高田健志が最初の月面着陸者であることを主張したが、プライド高いアメリカ政府はこれを隠ぺいし、自分たちが人類初を名乗るよう指示した
98,2014/08/19,1:33,高田健志崇拝が過熱化した未来では彼のファッション化が社会問題となっていた。老若男女が彼の仕草や佇まいを真似るようになり、整形外科には「高田と同じ顔にしてくれ」と喚く信者たちが昼夜問わず押し寄せた。飽きれ果てた彼は一匹の渡り鳥に姿を変え、地上を捨て、オゾンの向こう側へ消えていった。
99,2014/08/19,19:57,24時間マラソンを走りぬいた高田健志がスタジオでガッツポーズを決めると、世界のどこかで争い合っていた兵隊たちは誰に言われるまでもなく、銃を捨て、手を取り合い、戦場のど真ん中でサライの大合唱を始めた
100,2014/08/19,22:03,高田健志が茶碗を持つと力なく浮かんでいた茶柱が勢いよく飛び上がり部屋の天井に突き刺さった
101,2014/08/19,23:37,喫煙所でタバコをもらった高田健志はその夜、ありのままの姿で恩返しに向かった。恩人宅に着くと扉が開くや否や玄関に転がり込み、「絶対に覗かんといてくれ」と念を押してからトイレに籠った。翌朝、尿意を堪えきれなくなった家主が扉を開けると、便座の上にリストバンドが山のように積まれていた。
102,2014/08/20,1:33,高田健志の胸に聴診器を当てた医者はその心音の美しさに川のせせらぎを連想し、一句詠まずにはいられなかった
103,2014/08/20,7:40,高田健志に生命を吹き込まれた味のないガムは恥ずかしそうに銀紙にくるまりゴミ箱の方へ駆けていった
104,2014/08/20,12:36,高田健志が自転車を漕ぐと錆びたチェーンが金切り音を鳴らし、それが夜だとまるで亡者の悲鳴に聞こえるものだから、近所の子どもたちは｢地獄が近づいてくる｣と、これを恐れ、日が暮れるまでには家に帰ったという
105,2014/08/20,16:33,傲慢な態度で職務質問をしていた警官は身分証の｢高田健志｣という文字を見た瞬間、流れるように両手を前につき出して祈りのポーズを取り、手錠をかけるようせがんだ
106,2014/08/20,22:13,高田健志は雑誌のパワースポット特集に生物でありながら取り上げられた稀有な例である
107,2014/08/20,23:56,凍ったバナナと釘だけで一夜にして城を築き上げた高田健志は天守閣から朝日を眺めながら役目を終えたバナナの皮を丁寧に剥いた
108,2014/08/21,12:44,ピンポンダッシュ界における最高権威である高田健志はインターホンを拳で殴り、その場で座禅を組んで潔く待つという新しいスタイルを確立し、海外勢を取り入れることでオリンピック正式種目入りを狙った
109,2014/08/21,16:51,高田健志には名前をひらがなで書いていた時期が存在しない。幼稚園の頃、彼がクレヨンで描いた家族の絵からは｢おとうさん、おかあさん｣とあどけない字で書かれた横に行書で書かれた｢高田健志｣の四文字が確認できる。
110,2014/08/21,21:02,革命を企てた罪で捕えられた高田健志はあらゆる拷問に屈することなく、アイアンメイデンの中でいびきをかきながら眠った
111,2014/08/21,23:50,高田健志のグラビア撮影を担当していたカメラマンは彼の顔に一本の長いしわを発見した。注意深く見てみると、それは手のひらに収まりきらず顔まで這い伸びてきた生命線だった。
112,2014/08/22,12:24,新大陸発見にあたって原住民との争いは避けては通れない道だが、高田健志はその名を口にしているだけで日も暮れぬうちに民族のほとんどと打ち解け、月が出る頃には大陸一番の女を抱いていた
113,2014/08/22,23:33,高田健志は擬態能力にも優れている。飼い犬の食事量がある日を境に激増したことを不思議がった飼い主が犬をペットショップに連れていくと、それは犬に擬態した高田健志だった。
114,2014/08/23,20:24,クラスの男子がただのスカートめくりで満足していたのに対し、高田健志は事前にアポを取り、スカートの前で一礼してから滅菌したお箸でめくる一歩先の楽しみ方を心得ていた
115,2014/08/24,12:47,高田健志の怒りの表情を描くよう依頼された画家はどうしても彼の怒っている姿を想像できず、一か月後、数千枚にも及ぶ笑みを浮かべた高田健志に囲まれながらアトリエで首を吊って死んだ
116,2014/08/24,22:37,事業に失敗した高田健志はポケットの100円玉を握りしめて単身ラスベガスへ飛んだ
117,2014/08/25,16:38,「貝殻を耳に当てると波の音が聞こえる」馬鹿な女に言われるがまま、サザエの殻を耳に当てる高田健志。しかし、彼の耳に聞こえてきたのは神風特攻で海に散っていった仲間たちの悲鳴だった。
118,2014/08/25,20:01,ある隔離施設で末期のエボラ患者が突然、快復に向かうという奇跡が起きた。医療革命の予感を感じた医師が患者の血液を採取し、顕微鏡で観察するとそこには驚くべき光景が。なんとあの高田健志が丸腰の白血球たちを率いて、完全武装したエボラウィルスに拳一つで立ち向かっていたのだ。
119,2014/08/26,12:50,生後まもなく戦場に捨てられた高田健志は生まれて初めて見たものが戦車だった。彼は戦車を「お母さん」と呼び、ガソリンを母乳代わりにその日その日を暮らしてきた。そうして赤子ながら自らの力だけで終戦まで生き延びた彼は『奇跡の子』として鮮烈な子役デビューを遂げることとなった。
120,2014/08/26,23:25,年の数だけ豆を食べたりと世間が一家団欒ムードになる節分の日、高田健志は屋敷の地下牢で意地悪な養父に罪の数だけ鞭を打たれていた
121,2014/08/27,12:39,砲丸投げの名手である高田健志は戦時中、500機を越える戦闘機を砲丸で撃ち落とし、今もなお種子島でミサイル迎撃システムとして活躍している
122,2014/08/28,21:56,本来、高田健志は山奥にしか生息しない生き物だった。しかしある時、資源を求めた人間たちが彼の生息域を荒らすようになった。彼は争いを望まなかったが交戦中に誤って人間たちを食い殺してしまった。それ以来、人肉の味を覚えてしまった彼はカッターナイフを振り回して人里を襲うようになったという。
123,2014/08/29,1:32,花瓶の割れる音を聞きつけたナースが病室に駆けつけると、まだ傷も癒えていない高田健志がレギュラー番組の収録へ向かおうとベッドから這い出していた
124,2014/08/29,20:07,高田健志に抱き上げられた生まれたての赤ん坊は、すっかり人生に満足してしまい、スコップを手に取って墓を掘り出した
125,2014/08/29,23:12,東京フレンドパークに出演した高田健志は当たったパジェロを他の共演者に譲り、代わりにもらった「たわし」で刀を研いだ
126,2014/08/30,1:43,森を歩いていた木こりは一本の巨木を見つけた。腕に自信のあった彼は新しいチェーンソーの試し切りにちょうど良いと刃を入れてみた。しかし、引けども引けども倒れぬ巨木。疲れ果てた彼は降参気味に巨木を見上げ、腰を抜かした。巨木だと思っていたそれは高田健志の発達した右ふくらはぎだったのだ。
127,2014/08/30,16:08,翌月に誕生祭を控えた王は建築家、宝石商、高田健志の三人にこの祭典にふさわしい品を献上するよう求めた。すぐさま建築家は万里の長城さながらの城壁を持つ巨大な城を築き上げた。宝石商も負けじと、こぶし程もある大きなダイヤを用意した。高田健志は米を炊いて唐揚げを揚げた。
128,2014/09/01,16:42,新作映画の試写会に主演の高田健志がサプライズで現れると、会場は凄まじい熱気に包まれ、5km離れた病院でスプリンクラーが起動した
129,2014/09/02,1:50,1stステージで脱落したミスターSASUKE・山田勝己は、そり立つ壁を逆立ちで駆け上がる高田健志を見てイップスに陥った
130,2014/09/02,18:12,フィギュアスケート界屈指の実力を誇っておきながら公式大会には一切出場せず、水面が凍った日に限りロシアの湖に現れて優雅に舞う、高田健志という氷上の妖精に心を奪われる著名人は多い
131,2014/09/02,21:08,保育園のお遊戯会で3歳の高田健志が見せた迫真の昆布役は、他の子どもたちが演じる海藻類とは一線を画しており、ダシの香りが客席まで伝わってきたという
132,2014/09/03,17:29,高田健志に予防接種を行った看護師はあまりの血流の速さに注射針ごと右腕を持っていかれた
133,2014/09/04,23:34,子犬をかばってトラックに轢かれた高田健志はあらぬ方向に折れ曲がった腕を強引に動かし、ソシャゲのデータが入ったスマホを安全な道路外へ投げ捨てた
134,2014/09/05,1:44,燃え盛る家屋に一人飛び込んだ高田健志は、ベテラン消防士顔負けの手際のよさで主婦と火元の天ぷら鍋を救出し、何事もなかったかのように黒焦げのえび天を頬張った
135,2014/09/05,20:19,高田健志と握手を交わした大統領は帰国後、肘から下がなくなっていることに気づいた
136,2014/09/06,18:55,硫黄島でバーベキューをする馬鹿な若者を見た高田健志は肉と野菜が乗った鉄板を二本の腕で折り曲げて千羽鶴を作った
137,2014/09/08,1:38,ビリヤードを始めて早々に小さなテーブルでは満足できなくなった高田健志はキューを天高く掲げ、月を突いた
138,2014/09/08,21:42,高田健志はペット禁止の店内に豚を連れて入り、店員に注意されるとその場で豚をハムに変えた
139,2014/09/09,2:00,高田健志がドリンクバーで「お茶」のボタンを押すとドロドロに煮えたぎった溶岩が出てきた
140,2014/09/09,23:23,近所で川遊びをしていた高田健志少年は転んだ拍子にポケットに入れていたビスケットを四つに割ってしまった。一時は食べることも考えたが、少し泥で汚れていたし、またビスケットは家にたくさんあったため、思い切って川に捨ててしまった。四つの断片は現在、北海道、本州、四国、九州と呼ばれている。
141,2014/09/10,22:42,妊娠中期の妊婦にエコー検査を行ってみると10オンスのグローブを両手にはめた胎児と高田健志が、へその緒の所有権を巡ってリングで殴り合っていた
142,2014/09/11,22:00,高田健志は国民的アニメ『サザエさん』に高田健志役として長期に渡り出演し、磯野家を一度マルチ商法によって家庭崩壊まで追い詰めたことがある
143,2014/09/12,22:00,生まれてから一度も傷を負ったことがなかった高田健志は高校を卒業するまで絆創膏の使い方がわからず、よく水筒や冷蔵庫に装飾として貼っていた
144,2014/09/13,22:19,ある時、神は罪に重さを与えた。地球上の生命はその重さを体で支えることができず、ただただ潰れるのを待つばかりだった。そこに怪力を持て余した高田健志が現れた。彼は罪のほとんどを肩代わりし、背負いきれなかった罪を全生命に均等に分け与えた。これが重力の誕生である。
145,2014/09/14,22:49,平家の怨霊を恐れた芳一は全身に般若心経を写して身を守ることにした。日が暮れ始め、まもなく写経を終えようという所に高田健志が通りかかった。大の高田ファンだった芳一は彼にサインをせがんだ。彼はこれを快く引き受け、写経し忘れていた耳にサインをした。結果、芳一は耳を失わずに済んだ。
146,2014/09/15,22:26,高田健志は武道を始めるや否や名だたる師範たちを次々と打ち破り、奪い取った道場の看板を木材にして軽井沢にコテージを建てた
147,2014/09/16,23:27,CIAに在籍中、高田健志がスパイ活動の際に特に気に入って使用していたコードネームは「高田健志」である。
148,2014/09/18,0:11,高田健志は「たかいたかい」をして赤ん坊をうっかり衛星軌道に乗せてしまったことがトラウマになっていて、ベビーカーを見ると手の震えが止まらなくなる
149,2014/09/19,0:15,高田健志が雪の日に田んぼの前を通りかかると、春が来たと勘違いしたカエルが土の中から飛び出した
150,2014/09/20,0:22,古代エジプトの遺跡から新たに発見された壁画には、人の身体に犬の頭をしたアヌビス神の横に、毒サソリを尻尾から食らう高田健志が独特のタッチで描かれていた
151,2014/09/21,0:22,高田健志がベッドに横たわると生気を取り戻した羽毛製品たちが部屋中を飛び回り、床中に糞尿をまき散らした後、窓の外へと飛び去っていった。寝床を失った高田はその日、腰痛と悪臭に苦しみながら糞尿まみれの床で寝た。
152,2014/09/21,22:46,フルマラソンの基準となる42.195kmは高田健志の歩幅であり、本来マラソンとは人間たちが高田健志の一歩を身をもって体験し、その大きさを学ぶ伝統的な儀式である
153,2014/09/22,23:48,この世における最高の福「高田健志」を引き寄せた招き猫は、肘に抱えていた爆弾を悪化させてしまい開幕戦の先発を辞退した
154,2014/09/24,0:09,「バッサリいってください」と注文を受けたカリスマ美容師・高田健志は、腰にぶら下げた刀を抜き放ち、要望通り客の頭を斬り落とした
155,2014/09/24,23:38,松尾芭蕉の俳句、「古池や蛙飛びこむ水の音」の「水の音」は蛙が池に飛び込んだ音と解釈されがちだが、実際は高田健志が芭蕉を水中に突き落した音である
156,2014/09/26,0:22,高田健志は人生に何度か死の淵を彷徨って三途の川を渡る船に乗ったことがあるが、そのたびに無賃乗船が発覚し、渡りきる前に川のど真ん中で降ろされている
157,2014/09/27,0:05,G8（主要国首脳会議）はフランス、アメリカ、イギリス、ドイツ、日本、イタリア、カナダ、ロシアの八か国から成り立っていたが、ロシアがクリミア侵攻などの問題を起こしたため、代わりに高田健志を入れた八か国となった
158,2014/09/28,0:15,運動会でケガをした7歳の高田健志は水筒に入れていた日本酒を口に含み、傷口に勢いよく吹きかけた
159,2014/09/28,23:52,コンビニ前でたむろしていた高田健志が南の空にガンを飛ばすと、日本列島に接近していた台風が進路を変えた
160,2014/09/30,0:14,高田健志は生まれてこの方、離乳食を食べたことがない。彼が食べていたもので近いものを挙げるとすればそれは泥である。
161,2014/10/01,0:18,昼食後、高田健志が爪楊枝で歯の掃除をしていると高層ビルの一部が奥の方から出てきた
162,2014/10/02,0:05,PRIDEで優勝し、総合格闘技の頂点に上り詰めた高田健志はその夜、更なる強者を求めて三十三間堂に土足で忍び込み、千手観音像の腕全てを得意の関節技でへし折った
163,2014/10/03,0:19,クワガタ捕りに来た少年が森の中に蜂蜜を塗った十字架を仕掛けておくと、翌朝全くお呼びでない高田健志が全裸で磔られていた
164,2014/10/04,0:09,白亜紀の地層から発掘された高田健志の糞の化石を調べたところ、ティラノサウルスのものと思われる骨が含まれていた
165,2014/10/06,23:50,宅配業者にハンコを押すようお願いされた高田健志は「これでええやろ？」と吸っていたタバコを受領印欄に押しつけた
166,2014/10/08,0:05,警察に追いつめられた怪盗・高田健志がビルの屋上で口笛を吹くと、救助に向かっていたドクターヘリが遭難者ほったらかしで彼の元に駆けつけた
167,2014/10/09,0:12,旅行中、金欠になった高田健志は「ちょっとATMで金おろしてくるわ」と言って厳島神社の賽銭箱に手を突っ込んだ
168,2014/10/10,0:20,高田健志は腕に止まった蚊をすぐに叩いたりはせず、客間に迎え入れて味の感想を求め、血液のさらなる品質向上を目指した
169,2014/10/11,0:27,ある産業スパイが処理速度の秘密を探るべくスーパーコンピューター「京」を解体したところ、そろばんを持った高田健志が正座で珠をはじいていた
170,2014/10/12,0:15,地獄に落ちた高田健志は血の池で溺れていた罪人たちに一から泳ぎの指導を行い、ひと月も経たぬうちに閻魔大王の前で見事なシンクロナイズドスイミングを披露してみせた
171,2014/10/13,1:23,戦場で弾傷を負った高田健志がアマゾン川河口に流れ着くと、たちまちジャングルの生態系は大きく乱れた
172,2014/10/13,23:58,ヨーグルトを媒介として高田健志の体に侵入した生きて腸まで届く乳酸菌たちは、豪雨の如く降り注ぐ胃酸になす術もなく、十二指腸の入口を眺めながら志半ばにして倒れた
173,2014/10/15,0:10,仏教の教えは高田健志の御言葉をそのまま模倣した言わばカバーソングのようなものであり、釈迦は現代で言うところのMay Jである
174,2014/10/16,0:01,スイーツバイキングのいかにも平和ボケした雰囲気が気に食わなかった高田健志は串に刺さったマシュマロを豚の生き血でフォンデュした
175,2014/10/16,23:55,スタイリストに今日の衣装を尋ねられた高田健志が「適当に似合いそうなのを持ってきてくれ」と頼んだところ、重量感のある鎧が台車に乗ってやってきた
176,2014/10/17,23:59,コンクリートで足を固められ東京湾に沈められた高田健志は周囲からヤクザの気配がなくなるまで息を潜め、その後見事なドルフィンキックで浮上した
177,2014/10/18,23:11,息止めのギネス記録に挑戦することになった高田健志はある池にやってきていた。池のほとりには栗の苗木が立ち並んでいる。スタッフの合図がかかるとすぐに彼は顔を沈めた。幾ばくの時が流れただろうか。彼が水面から顔を出すと、苗木だった栗の木は大樹にまで成長し、実は収穫の時期を迎えていた。
178,2014/10/19,23:42,白米だけの生活に物足りなさを感じた高田健志は、八百屋に並んだ野菜たちを片っ端から小脇に抱えた大樽に放り込んで塩漬けにし、仕上げに重石代わりの特大尿路結石をのせた
179,2014/10/20,12:00,未踏の地や新種の生物に発見者が名前を付けるように、宇宙に「宇宙」と、地球に「地球」と名付けたのは紛れもなく高田健志である
180,2014/10/20,22:21,ウサインボルトの走りを見て人類に可能性を感じた高田健志は「がんばれよ」と一言添えた手紙を包みに入れ、WiiFitトレーナーをジャマイカに発送した
181,2014/10/20,23:33,高田健志は待っていた。待っている間、することもないので美術品をこしらえた。待ち人は来ない。雨が降った。美術品が濡れてはいけないと城を建てた。待ち人はまだ来ない。彼は待ち続けた。気づくと手は皺だらけになっていた。そして、やがて彼は城の中で独り、灰になった。『ルーヴル美術館誕生秘話』
182,2014/10/21,19:50,酒を買ったがつまみがないことに気づいた高田健志は冷蔵庫からレモンを取り出し、大鷲の頭上で搾った
183,2014/10/21,21:00,高田健志を一目見た写真家は網膜に焼きついた彼の姿をフィルムに収めようと、何もない風景に向かって指が折れるまでシャッターを切り続けた
184,2014/10/21,23:59,球界を引退した高田健志はその後、現役時代以上に自らにオーバーワークを課し、たまりにたまった膝の水を路傍の花に注いだ
185,2014/10/22,20:42,忠誠を誓う主が存在しなかった高田健志だが生涯で一度だけ片膝をついたことがある。ダンボールの子猫に傘を差し伸べた時だ。
186,2014/10/22,22:36,高田健志と対峙した牛鬼は彼の一挙一動を見逃さまいと身構えていた。砂埃が目に入り瞬きをした次の瞬間、牛鬼は皿の上にいた。
187,2014/10/23,21:18,王宮に高田健志を招き入れたある国の王は無意識のうちに彼に玉座を勧め、自らの手でパイプ椅子を開いていた
188,2014/10/23,23:13,高田健志の家にバリアフリーは存在しない。あるのは心臓破りの坂とトゲの生えた手すりぐらいだ。
189,2014/10/24,23:14,重税に苦しむ市民に領主暗殺を依頼された高田健志は「昼飯までには終わらせる」とカップラーメンに湯を入れた
190,2014/10/25,12:02,アマゾンの奥地にはあらゆる外敵にも捕食されず、繁栄し続けている奇妙な蛾がいるという。その蛾は特別大きいわけでもなければ毒を持っているわけでもない。ただ一つ、世間一般の蛾と異なる点がある。羽模様がまるで高田健志の憤怒の表情に見えるのだ。
191,2014/10/25,21:04,ボウリング場にマイボールを持参した高田健志はハンドドライヤーで手を乾かすと、太平洋、大西洋、インド洋に指を入れた
192,2014/10/25,23:31,高田健志という能ある鷹は爪を隠さない。見られたところで獲物はすでに爪の中だ。
193,2014/10/26,20:24,チャイニーズ・シアター前にあるハリウッドスターたちの手形・足型を調べたところ、半数以上が高田健志のそれと一致した。あのジョニー・デップやアーノルド・シュワルツェネッガーは彼の別の人格なのかもしれない。
194,2014/10/26,23:22,高田健志を知らない者はきっと映画のスタッフロールを最後まで見ないのだろう。あの画面いっぱいに映し出される「小道具　高田健志」の文字を見逃すわけがない。
195,2014/10/27,21:52,高田健志は女を深く愛することができない。大抵の女は二度目のキスでアナフィラキシーを起こして死んでしまうからだ。
196,2014/10/28,22:44,海から上がった高田健志が耳に溜まった水を抜こうと頭を傾けると、少量の海水が流れ出た後にシロナガスクジラがぼとりと落ちた
197,2014/10/29,22:13,茶道を広めようと高田健志の元を訪れた千利休だったが、帰る頃にはすっかり「わび」も「さび」も忘れて、コーラとフィッシュ＆チップスに溺れていた
198,2014/10/30,21:07,スーパーから自宅までの間、高田健志に背負ってもらった足の悪い老婆はそれから数日間、高山病に苦しめられた
199,2014/10/31,22:03,高田健志が山頂の別荘で夕飯の支度を始めると、おろしすぎた大根が雪崩となって麓の村を襲った
200,2014/11/01,23:43,クリスマスの夜、プレゼントを配りにやってきた高田健志はテレパスで少年の望むものを読み取ると、靴下に体をねじ込んだ
201,2014/11/02,22:24,一服中、ふと縁側からの眺めにもの寂しさを感じた高田健志は灰皿にたまった灰を振り撒き、枯れ木に花を咲かせた
202,2014/11/04,22:05,日本列島の測量を命じられた高田健志はものの数分で距離を計測し終えると、ノートに「人差し指２本分」と記入した
203,2014/11/06,23:58,地球とコンビを組んでM1グランプリに出場した高田健志はNSC仕込みの「なんでやねん」で地面を割った
204,2014/11/08,23:10,手術台に立った高田健志はナイフとフォークでガン細胞を摘出すると、それを自家製オーロラソースに絡めて美味しく頂いた
205,2014/11/09,20:58,学校の七不思議に興味を持った高田健志はその一つである『彷徨う男』について調査を開始した。男の現れる時間帯、背格好や年格好を調べているうちに彼はあることに気づいた。「何もかもが俺に似すぎている…」そう、『彷徨う男』とは彼自身だったのだ。
206,2014/11/10,22:28,日本のバラエティ番組を見ていたNASA職員は驚きの声を上げた。高田健志というタレントの左手薬指に輝くそれは、数日前、宇宙空間から突如消失した土星の環だったのだ。
207,2014/11/11,23:36,"Q、世界には地球を何十回も破壊できる量の核兵器が存在していると言われています。それらを全て高田健志にぶつけるとどうなるか。
A、高田健志が深い眠りから目覚める。"
208,2014/11/12,23:10,「弁慶の泣き所」とは弁慶ほどの豪傑でも痛がって泣く急所、いわゆる「向こう脛」を指すが、弁慶を毎日のように泣かせていた高田健志からしてみれば「弁慶の泣き所」は「全身」である
209,2014/11/13,23:41,修学旅行当日、高田健志は心臓に埋め込まれた戒めの鎖のせいで空港の金属探知機を突破できず、１人地上から沖縄を目指した
210,2014/11/14,23:51,死後、冥界を彷徨っていたトップブリーダー・高田健志は三つ首の番犬ケルベロスと様々な犬種を交配させ、米粒サイズのチワワの開発に成功し、娯楽のない世界に空前のペットブームを巻き起こした
211,2014/11/15,23:05,誤って一匹の蜘蛛を殺してしまった高田健志はその日のうちに葬儀屋と連絡を取り、後日、各界の著名人を招いて早すぎる死を惜しんだ
212,2014/11/20,20:36,百発百中の占い師である高田健志はある日、世界の終わりを予言してしまった。事態を重く見た彼は未来を変えるべく、タイムマシンに乗り込んだ。それから未来がどうなったのか、彼がどうなったのかを知る者はいない。ただ、近頃「百発九十九中」が売り文句の占い師が都を賑わしているらしい。
213,2014/11/21,23:01,ある灯台守がいつものように番をしていると、船が突然進路を変えるのが見えた。慌てて船の行く先を見るとなんともう一基、灯台があるではないか。新しくできた灯台だろうか。その日は釈然としないまま業務を終えた。翌日、船の向かった地を訪れると、後光さしまくりの高田健志が一人海を眺めていた。
214,2014/11/22,21:49,90年代初頭、高田健志が描いた一枚の絵画がオークションにかけられた。落札額は際限なく高騰していき、結局折り合いがつかないまま翌日に持ち越しとなった。オークションは今もなお続いている。
215,2014/11/23,23:01,高田健志がロンドン市街で雄叫びを上げると、日本文化を知らぬ異国の民たちが一斉に立ち止まり、二礼二拍手一礼をした
216,2014/11/24,21:03,"【その歴史教科書、正しいものですか？】
近頃、政府によって改ざんされた歴史教科書が出回っているようです。
そこで簡単な判別方法をご紹介します。
1、適当なページを開く
2、「高田健志」の名前を探す
これだけです。
見つからない場合はすぐに焼き払って下さい。
それは偽りの歴史です。"
217,2014/11/25,23:14,ある意地の悪い華族が高田健志を自宅に招き、「1時間私を楽しませてみせよ」と大きな砂時計を逆さにした。もちろん平民の話を最後まで聞くつもりなど彼にはなく、頃合いを見て追い返してやるつもりであった。そろそろ5分経ったと見た彼は「つまらん」と立ち上がった。砂はすっかり落ち切っていた。
218,2014/11/26,22:04,ある辺境の村を観光していた高田健志は人手が足りないということで急遽、祭りに参加することとなった。その夜、神が神輿を担いだ。
219,2014/11/27,21:56,高田健志が天も地もない真っ暗な世界にホタルを数匹放つと、そこに光が生まれ、昼と夜ができた
220,2014/11/28,21:26,高田健志を乗せたリムジンが奈良の県境にさしかかると、東大寺であぐらをかいていた大仏が下座へ移って正座をした
221,2014/11/29,22:46,"【これが世界のヒーロー高田健志だ！】
目…千里先を見通す
耳…どこにいても助けを呼ぶ声が聞こえる
口…開けばたちまち諺ができる
腕…力が強すぎて愛する者を抱きしめられない
腰…手の施しようがない腰痛
汗…1粒でレモン2000個分のビタミンC
足…讃岐うどんのコシはここから生まれる"
222,2014/12/01,22:09,織田の軍勢を前にした高田健志はその数が万に満たないことを確認すると、退屈そうな様子で兜の緒を緩めた
223,2014/12/02,22:06,ある少年が「高田健志を殺してしまった」と交番に駆け込んだ。事の顛末を説明するも、警官が全く相手にしないので、少年は凶器のナイフを机に出した。しかし、べったりとついていたはずの血が見当たらない。それを見て「夢でも見ていたんですよ」と笑う警官の顔はいつの間にか高田健志に変わっていた。
224,2014/12/03,23:29,将来、国家の機密を扱う立場になることを確信していた幼い高田健志は、誰に教わるでもなく、寝言を暗号化するようになっていた
225,2014/12/04,22:43,仮に高田健志が分子レベルで分解され、肉眼で確認できないほど小さな存在になろうとも、万人はそれを「高田健志」だと認識することができる
226,2014/12/05,22:09,獄中で生まれ、獄中で育った高田健志は牢より外の世界を知らなかった。ある日、彼に興味を持った学者が刑務所を訪れた。真っ暗な牢を前に学者は尋ねた。「空は何色だと思いますか？」少し考えて彼は答えた。「空ってなんですか？」学者は涙を流しながら、空の雄大さについて語った。
227,2014/12/06,22:07,"老人「孫の手は便利だ。かゆいところに手が届く」
主婦「孫の手は便利だ。隙間のホコリに手が届く」
高田健志「孫の手は便利だ。敵の喉元に手が届く」"
228,2014/12/07,22:01,万人がその結果に一喜一憂する宝くじなど、高田健志にとっては300円と2億円の交換作業にすぎない
229,2014/12/08,23:36,一切の光を遮断した部屋にアサガオの鉢を置き、水と高田健志の微笑みを与えて育てたところ、室外で育てたものと同様の成長を見せた
230,2014/12/09,22:00,楽器を破壊するパフォーマンスが人気であった60年代のロックシーンで、創造の美学を貫く者がいた。高田健志だ。彼は会場にギターを持ち込まない。持ち込むのは木材と工具。その場で一本のギターを作り上げるのだ。それ故ライブの大半は木を切る音である。観客たちは恍惚とした表情でそれを聴くのだ。
231,2014/12/11,22:14,秒刻みのスケジュールをこなす高田健志が合間を縫って予定帳を確認したところ、今月できる呼吸の回数はわずか5回であった
232,2014/12/12,22:48,虫捕りをしていた少年が庭の石を持ち上げると、石の下には高田健志の顔をした芋虫がうごめいていた。気味が悪くなった彼は、石を芋虫に叩きつけて、部屋に逃げ帰った。石の下からは緑色の体液が、彼の跡を追うように流れ出していた。翌朝、彼は顔を洗おうと蛇口をひねった。水は綺麗な緑色をしていた。
233,2014/12/13,23:15,頭の悪い政治家たちに政策の助言を求められた高田健志は、玄関に置かれた彼らの靴を持ち出し、ビルの屋上に並べ立てた
234,2014/12/14,22:34,衆院選投票が終わり、取材班が高田健志の事務所を訪れると、開票前にも関わらず、支援者たちは万歳を始めていた
235,2014/12/16,0:00,ある寒い夜、高田健志がチベットの奥地で息を引き取った。僧たちは死亡を確認するとすぐに、彼が今際の際に託した桐の箱を開いた。中には「東の国、大きな唇」と書かれた一枚の紙。めいめいが新たな主の姿に思いを馳せた。そして、1985年12月16日、高田健志20世（現・高田健志）が誕生した。
236,2015/01/01,19:13,交遊関係の広い高田健志の1年は、70億の葉書を書き上げることに費やされる。我々が昨年の疲れを癒すこの瞬間にも、彼は腱鞘炎と戦いながら、翌年の年賀状の執筆活動に励んでいるのだ。
237,2015/01/02,22:03,高田健志は除夜の鐘を一度しか鳴らさない。一撃で煩悩も鐘も消し飛ぶからだ。
238,2015/01/03,22:01,高田健志が餅を詰まらせた老婆の背をさすると、全身の細胞がみるみる若さを取り戻し、老婆は健康な肉体を手に入れ、窒息死した
239,2015/01/04,22:00,同じ映画を100回も見れば、その感動も薄れてしまうように、高田健志は通算46億回目となる初日の出を虚ろな目で眺めていた
240,2015/01/05,21:30,少子高齢化が叫ばれるようになって久しいが、高田健志から見た日本は今も昔も変わらず、彼とその他若造である
241,2015/01/06,23:00,獅子は我が子を谷に落とし、這い上がってきた子を育てるという。ある獅子が例の如く、8匹の子を谷に突き落した。やがて1匹が生還した。獅子はこの1匹を大層可愛がった。たまに2本の足で歩くのを見たが、さして気にならなかった。結局、獅子は自らが食われるまでそれが高田健志とは気づかなかった。
242,2015/01/08,22:00,8月31日、昏睡状態だった高田健志少年が病院のベッドで目を覚ました。彼は覚醒するや否や、獅子奮迅の活躍を見せ、夏休みの宿題を大半片付けてしまった。が、絵画だけは間に合わず、やむなく入院中のレントゲン写真を提出した。写真はその後、金賞を受賞。彼の肋骨は多くの芸術雑誌で表紙を飾った。
243,2015/01/09,22:00,文房具屋でボールペンを眺めていた高田健志は「試し書きしていいですか？」と店員に尋ねると、ポケットからドナーカードを取り出し、臓器全てに丸を付けた
244,2015/01/10,22:00,神仏のような扱いに悩まされていた高田健志は、脇に挟んでいた体温計を大衆の目前に掲げ、平熱36度の人間であることを主張した
245,2015/01/11,20:12,「展示品より目立つ」という理由で解雇通告された学芸員・高田健志は、その場で自らの肉体を石膏で塗り固め、等身大彫刻として再就職を果たした
246,2015/01/13,23:00,スポーツ史に名を残すアスリートたちは皆、高田健志の何気ない日常を記録したホームビデオから、筋肉の使い方を学んだ
247,2015/01/14,22:01,高田健志がタバコをくわえると、オリンポスの山で待機していた第一走者がトーチを手に取り、彼に火を届けるべく聖火リレーが始まった
248,2015/01/15,22:00,両腕に残る注射痕から薬物使用疑惑が浮上した高田健志だったが、後に会見を開き、ミュータントとして捕えられ、投薬実験を受けた悲しい過去を明かした
249,2015/01/16,23:10,アイドル時代に売れ残った高田健志のブロマイドは現在、全国各地の小学校で無料配布され、あらゆる外敵を寄せ付けない防犯グッズとして活躍している
250,2015/01/17,22:00,テロ組織から「演説の日に高田健志を暗殺する」という脅迫文が届いた。演説中止も検討されたが協議の末、彼と瓜二つの影武者を演壇に立たせることとなった。当日、影武者が壇上に現れると、その額を一発の銃弾が貫いた。聴衆たちは驚くどころか冷静にこう言った。「本物なら銃弾をキャッチしたはずさ」
251,2015/01/20,22:00,高級レストランで食事を終えた高田健志は、1円単位の割り勘で揉めるキリスト一行の前に割り込むと、最後の晩餐の会費をカードで一括払いした
252,2015/01/21,22:01,高田健志がシンガポールの空港に足を踏み入れると、だらしなくヨダレを垂らしていたマーライオンが勢いよく血を吹いた
253,2015/03/28,23:52,押し寄せる波は長い年月をかけ、大地を人の形に削り上げた。人型の大地には名前がなかった。ただ当てもなく大海原に浮かんでいるだけであった。二十歳を迎えた大地は名前を探す旅に出た。ある時は海鳥に尋ね、またある時は西吹く風に尋ねた。季節は巡って、春。高田健志の体には今日も桜が咲いている。
254,2015/03/30,22:40,筆箱、上靴、体操着、あらゆる学用品に刻まれた「1年2組 高田健志」は、「Made in Japan」を上回る最高品質の証であり、黄ばんだ白ブリーフは各国セレブ愛用の品である。
255,2015/04/01,23:13,高田健志が「世界を滅ぼす」と宣言した。人々はパニックに陥り、世界中から高田排除の声が上がった。やむなく政府は核の使用を決断。程なくして「目標を殲滅した」とのテロップが画面上を駆け巡った。人々は安堵した。ふとカレンダーを見ると4月1日であった。彼らはようやく彼のジョークを理解した。
256,2015/04/03,22:49,ラジオの臨時ニュースが「高田健志到着セリ」と伝えると、騒々しい空襲警報が鳴りやみ、防空壕の外から君が代が聞こえてきた
257,2015/04/04,22:58,高田健志は自分が何者か知らなかった。人より少しばかり体が大きく、腕も脚もなかったが、心の真ん中には自分は人間だという自信があった。ある時、彼の体に激痛が走った。蜂にでも刺されたのだろうか。痛みの方に目をやると、傷口から滾々と水が湧き出していた。アルプスの一角だと知った瞬間だった。
258,2015/04/06,22:37,翌日の男子長距離決勝に向けて、軽くウォームアップしたくなった高田健志は、自らに莫大な懸賞金をかけ、手配書を市中にばら撒いた
259,2015/04/07,22:57,「楽になるツボを押してくれ」マッサージ店を高田健志が訪れた。店員は注文通り、疲れに効くツボを一通り押した。翌日も彼は店を訪れた。「楽になるツボを押してくれ」3日目。彼は同じように言うと、店員にナイフを手渡した。全てを理解した店員は刃先を彼の喉に当て、押した。死に顔は安らかだった。
260,2015/04/08,22:15,一か月に渡って高田健志を研究した建築家は、彼の骨格を「耐震技術の結晶」と評価し、未来の家づくりに役立てるよう提案した
261,2015/04/10,23:01,腕のパーツを取り付けるとカチッと音がした。少年は完成したばかりのプラモデルを自慢してやろうと勢いよく家を飛び出した。クラクションが鳴り響いた。カチッという音で目を覚ました。少年は体の無事を確認すると、友人宅の方へ走っていった。高田健志は壊れたパーツをしばらく眺め、ゴミ箱に捨てた。
262,2015/04/11,22:04,高田健志がよく目が合う旅人たちに何故こちらを見るのか尋ねた所、輝く右の瞳が北極星と呼ばれていることが分かった
263,2015/04/13,22:42,高田健志に対して視力検査が行われた。検査員の質問に彼は「腹が減った。早く終わらせてくれ」と答えるだけだった。大きな文字を見せても同じであった。それどころかもっと汚い言葉を吐くようになった。開始から1時間が経った頃、誰かの腹が鳴った。心を見られていたことに気づいた検査員は赤面した。
264,2015/04/14,21:54,【ニュース】高田健志氏の『泣きっ面に蜂』活動が話題を呼んでいる。同活動は飢餓に苦しむ子供達に蜂蜜を届けるもので、これまでに18の地域に100万トンの蜂蜜が届けられた。現地の反応は「蜂蜜はもういい」、「そのビンを近づけるな」と上々だ。諺がポジティブな意味になる日も近いかもしれない。
265,2015/04/19,22:20,下校途中だった小学一年生の高田健志は、左右確認ついでに暴漢を蹴散らすと、勝利の拳を掲げて横断歩道を渡った
266,2015/07/07,23:08,村には巨大な笹があった。それは七夕になると「高田健志になりたい」と書かれた短冊で埋まることで有名であった。ある七夕の夜、ズシンという音が村中に響いた。重みに耐えかねた笹が倒れたのだ。心の拠り所を失い、項垂れる村人たちの上を「普通の人間になりたい」と書かれた1枚の短冊が駆け抜けた。
267,2015/07/09,23:33,高田健志という物乞いの少年がいた。少年は毎朝空き缶を抱えて市場へ向かい、それを涙でいっぱいにして帰っていた。「恵んで下さい」と懇願する少年の声に耳を貸す者はいなかった。少年が姿を見せなくなった頃、近くに一筋の川ができた。「神の恵みだ」と喜ぶ人々の後ろを汚れた空き缶が流れていった。
268,2015/07/12,22:25,旅芸人の男がいた。男は青ひげで見た目が大層悪かった。男を不憫に思った高田健志は彼にマスクを授けてやることにした。「芸を磨くのです」マスクをつけた男は人気者になった。そして次第に努力を怠るようになっていった。男が稽古を全くしなくなった頃、マスクの表面には青ひげが浮かび上がっていた。
269,2015/07/18,23:58,男の元に同窓会の案内状が届いた。話し好きだった男は参加を即断。しかし当日、会場にいたのは年齢も出身校もバラバラの人たち。男たちが互いに愛想笑いを向けていると、1人の男が壇上に上がり、マイクを取った。「主催者の高田健志です」その場の人間は口を揃えた。「ああ、５年生の時に転校した…」
270,2015/10/10,21:00,あるガンマンが高田健志に決闘を申し込んだ。彼には銃では誰にも負けない自信があった。一歩踏み出した時、一つの不安が彼の脳裏をよぎった。「負けるかもしれない」敗北を恐れた彼は二歩目で振り返り、引き金を引いた。銃弾はあっさり背中を貫いた。倒れゆく高田健志の後ろには足跡が四つ続いていた。
271,2015/10/12,22:01,ヒーローショーが行われていた。子どもたちは熱心にヒーローを応援し、悪の打倒を心待ちにしていた。ショーの中ごろ、悪役の仮面が外れるというハプニングがあった。仮面の下から高田健志の顔が現れると、子どもたちは一斉にヒーローの応援をやめ、ショーが終わるまでの間、悪の繁栄を願い続けた。
272,2015/10/15,20:39,高田健志は穴を掘っていた。昨晩、愛犬が死んだのだ。しばらく手を働かせていると、何か土とは違うものがシャベルの先に当たった。それは心臓であった。彼はポケットから布きれを取り出し、丁寧に汚れをふき取ると、時折激しく脈打つそれを胸の内にしまい込んだ。以後、世界で地震は確認されていない。
273,2015/10/17,20:05,「緊張は全くしていないです」そう言って人類の命運をかけた戦いに臨む高田健志の手のひらには人の字型の穴があいていた。
274,2015/10/21,20:00,民情視察の一環として防具屋を訪れた高田健志は、店一番の盾を素手で二つに引き裂くと、商品全てに「こちら側のどこからでも切れます」の注意書きを入れるよう命じた。
275,2015/12/15,22:33,「この塗り絵つまんないよ」と幼い高田健志が母に見せたのは、正解ルートだけ塗りつぶされた難解な迷路だった。
276,2015/12/16,0:00,解き終えた迷路を不満そうに見せる高田健志に母は、「つまらないのは当然よ。前に一度解いているもの」とそれが自らの産道であることを明かした。
277,2015/12/17,22:30,【くの字の遺体】鏡を見た男は慌てて礼をした。顔が高田健志になっていたのだ。しかし、これでは鏡に映る唯一神も最敬礼の格好になってしまう。気づいた男が姿勢を戻す。すると目前に高田健志である。再び礼をせねばと頭を下げる。敬礼の堂々巡りに陥る。翌月、45度に曲がった男の遺体が発見された。